district,literacy_rate,gender_ratio_f_to_1000m,percent_primary_ed,percent_age_below_29
JAMMU AND KASHMIR - Kupwara,0.51,835,0.12,0.69
JAMMU AND KASHMIR - Badgam,0.45,894,0.11,0.67
JAMMU AND KASHMIR - Leh(Ladakh),0.7,690,0.11,0.53
JAMMU AND KASHMIR - Kargil,0.61,810,0.14,0.62
JAMMU AND KASHMIR - Punch,0.55,893,0.15,0.64
JAMMU AND KASHMIR - Rajouri,0.57,860,0.14,0.63
JAMMU AND KASHMIR - Kathua,0.63,890,0.13,0.58
JAMMU AND KASHMIR - Baramula,0.54,885,0.12,0.63
JAMMU AND KASHMIR - Bandipore,0.47,889,0.12,0.64
JAMMU AND KASHMIR - Srinagar,0.61,900,0.14,0.56
JAMMU AND KASHMIR - Ganderbal,0.48,874,0.13,0.65
JAMMU AND KASHMIR - Pulwama,0.52,912,0.1,0.61
JAMMU AND KASHMIR - Shupiyan,0.51,951,0.11,0.64
JAMMU AND KASHMIR - Anantnag,0.51,927,0.09,0.65
JAMMU AND KASHMIR - Kulgam,0.49,951,0.11,0.63
JAMMU AND KASHMIR - Doda,0.53,919,0.12,0.64
JAMMU AND KASHMIR - Ramban,0.44,902,0.12,0.66
JAMMU AND KASHMIR - Kishtwar,0.47,920,0.11,0.63
JAMMU AND KASHMIR - Udhampur,0.58,870,0.14,0.61
JAMMU AND KASHMIR - Reasi,0.48,890,0.13,0.65
JAMMU AND KASHMIR - Jammu,0.74,880,0.12,0.53
JAMMU AND KASHMIR - Samba,0.72,886,0.13,0.56
HIMACHAL PRADESH - Chamba,0.62,986,0.19,0.59
HIMACHAL PRADESH - Kangra,0.76,1012,0.16,0.51
HIMACHAL PRADESH - Lahul AND Spiti,0.69,903,0.16,0.5
HIMACHAL PRADESH - Kullu,0.7,942,0.18,0.56
HIMACHAL PRADESH - Mandi,0.72,1007,0.16,0.52
HIMACHAL PRADESH - Hamirpur,0.79,1095,0.16,0.49
HIMACHAL PRADESH - Una,0.77,976,0.17,0.52
HIMACHAL PRADESH - Bilaspur,0.75,981,0.16,0.51
HIMACHAL PRADESH - Solan,0.74,880,0.15,0.55
HIMACHAL PRADESH - Sirmaur,0.68,918,0.19,0.59
HIMACHAL PRADESH - Shimla,0.75,915,0.14,0.52
HIMACHAL PRADESH - Kinnaur,0.72,819,0.16,0.5
PUNJAB - Gurdaspur,0.71,895,0.14,0.55
PUNJAB - Kapurthala,0.71,912,0.16,0.53
PUNJAB - Jalandhar,0.74,915,0.15,0.53
PUNJAB - Hoshiarpur,0.76,961,0.16,0.52
PUNJAB - Shahid Bhagat Singh Nagar,0.72,954,0.18,0.52
PUNJAB - Fatehgarh Sahib,0.71,871,0.17,0.53
PUNJAB - Ludhiana,0.73,873,0.14,0.54
PUNJAB - Moga,0.63,893,0.16,0.54
PUNJAB - Firozpur,0.6,893,0.15,0.58
PUNJAB - Muktsar,0.58,896,0.15,0.55
PUNJAB - Faridkot,0.62,890,0.14,0.54
PUNJAB - Bathinda,0.61,868,0.13,0.54
PUNJAB - Mansa,0.55,883,0.14,0.55
PUNJAB - Patiala,0.67,891,0.15,0.55
PUNJAB - Amritsar,0.68,889,0.13,0.56
PUNJAB - Tarn Taran,0.59,900,0.15,0.57
PUNJAB - Rupnagar,0.73,915,0.16,0.53
PUNJAB - Sahibzada Ajit Singh Nagar,0.74,879,0.13,0.54
PUNJAB - Sangrur,0.61,885,0.15,0.55
PUNJAB - Barnala,0.6,876,0.15,0.54
CHANDIGARH - Chandigarh,0.76,818,0.11,0.57
UTTARAKHAND - Uttarkashi,0.65,958,0.14,0.61
UTTARAKHAND - Chamoli,0.72,1019,0.17,0.59
UTTARAKHAND - Rudraprayag,0.71,1114,0.21,0.59
UTTARAKHAND - Tehri Garhwal,0.66,1077,0.17,0.6
UTTARAKHAND - Dehradun,0.74,902,0.14,0.57
UTTARAKHAND - Garhwal,0.72,1103,0.16,0.55
UTTARAKHAND - Pithoragarh,0.71,1020,0.18,0.57
UTTARAKHAND - Bageshwar,0.69,1090,0.18,0.57
UTTARAKHAND - Almora,0.7,1139,0.19,0.56
UTTARAKHAND - Champawat,0.68,980,0.19,0.6
UTTARAKHAND - Nainital,0.73,934,0.16,0.59
UTTARAKHAND - Udham Singh Nagar,0.63,920,0.18,0.63
UTTARAKHAND - Hardwar,0.62,880,0.18,0.64
HARYANA - Panchkula,0.72,873,0.13,0.55
HARYANA - Ambala,0.72,885,0.15,0.55
HARYANA - Yamunanagar,0.69,877,0.16,0.57
HARYANA - Kurukshetra,0.67,888,0.15,0.57
HARYANA - Kaithal,0.6,881,0.15,0.59
HARYANA - Karnal,0.65,887,0.15,0.59
HARYANA - Panipat,0.65,864,0.14,0.61
HARYANA - Sonipat,0.69,856,0.14,0.59
HARYANA - Jind,0.62,871,0.14,0.59
HARYANA - Fatehabad,0.59,902,0.15,0.59
HARYANA - Sirsa,0.6,897,0.16,0.58
HARYANA - Hisar,0.64,872,0.13,0.58
HARYANA - Bhiwani,0.65,886,0.14,0.59
HARYANA - Rohtak,0.7,867,0.14,0.57
HARYANA - Jhajjar,0.71,862,0.11,0.57
HARYANA - Mahendragarh,0.68,895,0.15,0.57
HARYANA - Rewari,0.71,898,0.13,0.58
HARYANA - Gurgaon,0.73,854,0.12,0.58
HARYANA - Mewat,0.42,907,0.12,0.73
HARYANA - Faridabad,0.7,873,0.12,0.61
HARYANA - Palwal,0.58,880,0.14,0.66
NCT OF DELHI - North West,0.74,865,0.16,0.58
NCT OF DELHI - North,0.77,869,0.15,0.57
NCT OF DELHI - North East,0.72,886,0.22,0.62
NCT OF DELHI - East,0.79,884,0.13,0.56
NCT OF DELHI - New Delhi,0.8,822,0.08,0.54
NCT OF DELHI - Central,0.76,892,0.14,0.55
NCT OF DELHI - West,0.77,875,0.13,0.55
NCT OF DELHI - South West,0.78,840,0.11,0.57
NCT OF DELHI - South,0.76,862,0.13,0.58
RAJASTHAN - Ganganagar,0.61,887,0.16,0.59
RAJASTHAN - Hanumangarh,0.58,906,0.15,0.6
RAJASTHAN - Bikaner,0.54,905,0.14,0.65
RAJASTHAN - Churu,0.56,940,0.15,0.63
RAJASTHAN - Jhunjhunun,0.64,950,0.14,0.61
RAJASTHAN - Alwar,0.59,895,0.13,0.64
RAJASTHAN - Bharatpur,0.58,880,0.13,0.65
RAJASTHAN - Dhaulpur,0.57,846,0.14,0.68
RAJASTHAN - Karauli,0.55,861,0.13,0.65
RAJASTHAN - Sawai Madhopur,0.56,897,0.13,0.63
RAJASTHAN - Dausa,0.57,905,0.14,0.64
RAJASTHAN - Jaipur,0.65,910,0.13,0.62
RAJASTHAN - Sikar,0.62,947,0.16,0.62
RAJASTHAN - Nagaur,0.53,950,0.15,0.63
RAJASTHAN - Jodhpur,0.55,916,0.14,0.64
RAJASTHAN - Jaisalmer,0.46,852,0.11,0.67
RAJASTHAN - Barmer,0.46,902,0.14,0.66
RAJASTHAN - Jalor,0.45,952,0.15,0.64
RAJASTHAN - Sirohi,0.46,940,0.14,0.63
RAJASTHAN - Pali,0.53,987,0.18,0.59
RAJASTHAN - Ajmer,0.59,951,0.15,0.6
RAJASTHAN - Tonk,0.53,952,0.13,0.62
RAJASTHAN - Bundi,0.53,925,0.14,0.62
RAJASTHAN - Bhilwara,0.52,973,0.14,0.6
RAJASTHAN - Rajsamand,0.54,990,0.16,0.59
RAJASTHAN - Dungarpur,0.49,994,0.13,0.63
RAJASTHAN - Banswara,0.46,980,0.11,0.64
RAJASTHAN - Chittaurgarh,0.53,972,0.15,0.57
RAJASTHAN - Kota,0.67,911,0.15,0.6
RAJASTHAN - Baran,0.57,929,0.16,0.62
RAJASTHAN - Jhalawar,0.52,946,0.14,0.6
RAJASTHAN - Udaipur,0.52,958,0.13,0.61
RAJASTHAN - Pratapgarh,0.46,983,0.13,0.63
UTTAR PRADESH - Saharanpur,0.6,890,0.17,0.64
UTTAR PRADESH - Muzaffarnagar,0.58,889,0.19,0.64
UTTAR PRADESH - Bijnor,0.58,917,0.22,0.65
UTTAR PRADESH - Moradabad,0.47,906,0.15,0.66
UTTAR PRADESH - Rampur,0.45,909,0.16,0.67
UTTAR PRADESH - Jyotiba Phule Nagar,0.53,910,0.19,0.67
UTTAR PRADESH - Meerut,0.62,886,0.14,0.63
UTTAR PRADESH - Baghpat,0.61,861,0.21,0.63
UTTAR PRADESH - Ghaziabad,0.67,881,0.18,0.62
UTTAR PRADESH - Gautam Buddha Nagar,0.68,851,0.2,0.62
UTTAR PRADESH - Bulandshahr,0.58,896,0.15,0.64
UTTAR PRADESH - Aligarh,0.57,882,0.13,0.65
UTTAR PRADESH - Mahamaya Nagar,0.6,871,0.19,0.65
UTTAR PRADESH - Mathura,0.59,863,0.17,0.63
UTTAR PRADESH - Agra,0.61,868,0.2,0.65
UTTAR PRADESH - Firozabad,0.61,875,0.17,0.65
UTTAR PRADESH - Mainpuri,0.64,881,0.19,0.64
UTTAR PRADESH - Budaun,0.42,871,0.16,0.66
UTTAR PRADESH - Bareilly,0.49,887,0.14,0.65
UTTAR PRADESH - Pilibhit,0.52,895,0.14,0.65
UTTAR PRADESH - Shahjahanpur,0.5,872,0.16,0.65
UTTAR PRADESH - Kheri,0.51,894,0.15,0.64
UTTAR PRADESH - Sitapur,0.51,888,0.15,0.64
UTTAR PRADESH - Hardoi,0.54,868,0.22,0.63
UTTAR PRADESH - Unnao,0.57,907,0.17,0.61
UTTAR PRADESH - Lucknow,0.68,917,0.12,0.58
UTTAR PRADESH - Rae Bareli,0.58,943,0.16,0.62
UTTAR PRADESH - Farrukhabad,0.58,874,0.18,0.65
UTTAR PRADESH - Kannauj,0.61,879,0.17,0.65
UTTAR PRADESH - Etawah,0.67,870,0.19,0.62
UTTAR PRADESH - Auraiya,0.67,864,0.21,0.62
UTTAR PRADESH - Kanpur Dehat,0.65,865,0.19,0.61
UTTAR PRADESH - Kanpur Nagar,0.71,862,0.17,0.57
UTTAR PRADESH - Jalaun,0.64,865,0.19,0.59
UTTAR PRADESH - Jhansi,0.65,890,0.19,0.59
UTTAR PRADESH - Lalitpur,0.52,906,0.17,0.65
UTTAR PRADESH - Hamirpur,0.59,861,0.22,0.6
UTTAR PRADESH - Mahoba,0.56,878,0.16,0.6
UTTAR PRADESH - Banda,0.56,863,0.23,0.62
UTTAR PRADESH - Chitrakoot,0.54,879,0.18,0.64
UTTAR PRADESH - Fatehpur,0.57,901,0.18,0.62
UTTAR PRADESH - Pratapgarh,0.6,998,0.17,0.62
UTTAR PRADESH - Kaushambi,0.51,908,0.16,0.65
UTTAR PRADESH - Allahabad,0.62,901,0.16,0.63
UTTAR PRADESH - Bara Banki,0.52,910,0.13,0.63
UTTAR PRADESH - Faizabad,0.59,962,0.15,0.62
UTTAR PRADESH - Ambedkar Nagar,0.62,978,0.16,0.63
UTTAR PRADESH - Sultanpur,0.59,983,0.17,0.63
UTTAR PRADESH - Bahraich,0.4,892,0.14,0.65
UTTAR PRADESH - Shrawasti,0.38,881,0.09,0.65
UTTAR PRADESH - Balrampur,0.4,928,0.11,0.66
UTTAR PRADESH - Gonda,0.49,921,0.12,0.65
UTTAR PRADESH - Siddharthnagar,0.48,976,0.13,0.66
UTTAR PRADESH - Basti,0.57,963,0.14,0.64
UTTAR PRADESH - Sant Kabir Nagar,0.56,972,0.17,0.65
UTTAR PRADESH - Mahrajganj,0.53,943,0.14,0.63
UTTAR PRADESH - Gorakhpur,0.61,950,0.14,0.62
UTTAR PRADESH - Kushinagar,0.55,961,0.12,0.63
UTTAR PRADESH - Deoria,0.6,1017,0.15,0.63
UTTAR PRADESH - Azamgarh,0.6,1019,0.29,0.64
UTTAR PRADESH - Mau,0.62,979,0.19,0.64
UTTAR PRADESH - Ballia,0.61,937,0.16,0.61
UTTAR PRADESH - Jaunpur,0.61,1024,0.21,0.63
UTTAR PRADESH - Ghazipur,0.61,952,0.19,0.62
UTTAR PRADESH - Chandauli,0.6,918,0.19,0.63
UTTAR PRADESH - Varanasi,0.65,913,0.17,0.61
UTTAR PRADESH - Sant Ravidas Nagar (Bhadohi),0.58,955,0.18,0.65
UTTAR PRADESH - Mirzapur,0.57,903,0.17,0.64
UTTAR PRADESH - Sonbhadra,0.53,918,0.16,0.65
UTTAR PRADESH - Etah,0.59,873,0.12,0.65
UTTAR PRADESH - Kanshiram Nagar,0.5,880,0.13,0.66
BIHAR - Pashchim Champaran,0.45,909,0.14,0.65
BIHAR - Purba Champaran,0.45,902,0.19,0.65
BIHAR - Sheohar,0.43,893,0.14,0.64
BIHAR - Sitamarhi,0.42,899,0.12,0.64
BIHAR - Madhubani,0.48,926,0.17,0.64
BIHAR - Supaul,0.46,929,0.12,0.65
BIHAR - Araria,0.43,921,0.15,0.67
BIHAR - Kishanganj,0.44,950,0.14,0.67
BIHAR - Purnia,0.41,921,0.11,0.66
BIHAR - Katihar,0.42,919,0.14,0.67
BIHAR - Madhepura,0.42,911,0.09,0.66
BIHAR - Saharsa,0.42,906,0.1,0.66
BIHAR - Darbhanga,0.46,911,0.12,0.64
BIHAR - Muzaffarpur,0.52,900,0.15,0.63
BIHAR - Gopalganj,0.54,1021,0.18,0.64
BIHAR - Siwan,0.58,988,0.18,0.64
BIHAR - Saran,0.55,954,0.18,0.64
BIHAR - Vaishali,0.55,895,0.14,0.62
BIHAR - Samastipur,0.5,911,0.17,0.65
BIHAR - Begusarai,0.52,895,0.16,0.66
BIHAR - Khagaria,0.46,886,0.14,0.67
BIHAR - Bhagalpur,0.52,880,0.17,0.64
BIHAR - Banka,0.47,907,0.19,0.63
BIHAR - Munger,0.59,876,0.12,0.63
BIHAR - Lakhisarai,0.51,902,0.15,0.65
BIHAR - Sheikhpura,0.52,930,0.17,0.65
BIHAR - Nalanda,0.53,922,0.17,0.64
BIHAR - Patna,0.59,897,0.19,0.62
BIHAR - Bhojpur,0.59,907,0.22,0.63
BIHAR - Buxar,0.58,922,0.25,0.63
BIHAR - Kaimur (Bhabua),0.57,920,0.18,0.64
BIHAR - Rohtas,0.61,918,0.19,0.63
BIHAR - Aurangabad,0.58,926,0.19,0.64
BIHAR - Gaya,0.52,937,0.17,0.64
BIHAR - Nawada,0.49,939,0.17,0.65
BIHAR - Jamui,0.49,922,0.18,0.65
BIHAR - Jehanabad,0.55,922,0.15,0.63
BIHAR - Arwal,0.55,928,0.17,0.63
SIKKIM - North  District,0.7,767,0.19,0.62
SIKKIM - West District,0.68,942,0.23,0.62
SIKKIM - South District,0.73,915,0.22,0.6
SIKKIM - East District,0.76,873,0.19,0.58
ARUNACHAL PRADESH - Tawang,0.52,714,0.09,0.61
ARUNACHAL PRADESH - West Kameng,0.58,819,0.12,0.63
ARUNACHAL PRADESH - East Kameng,0.49,1029,0.13,0.68
ARUNACHAL PRADESH - Papum Pare,0.69,980,0.12,0.68
ARUNACHAL PRADESH - Upper Subansiri,0.54,998,0.19,0.67
ARUNACHAL PRADESH - West Siang,0.58,930,0.16,0.63
ARUNACHAL PRADESH - East Siang,0.63,980,0.14,0.62
ARUNACHAL PRADESH - Upper Siang,0.52,889,0.16,0.6
ARUNACHAL PRADESH - Changlang,0.49,926,0.15,0.65
ARUNACHAL PRADESH - Tirap,0.43,944,0.15,0.64
ARUNACHAL PRADESH - Lower Subansiri,0.65,984,0.13,0.67
ARUNACHAL PRADESH - Kurung Kumey,0.4,1032,0.16,0.7
ARUNACHAL PRADESH - Dibang Valley,0.55,813,0.16,0.64
ARUNACHAL PRADESH - Lower Dibang Valley,0.59,928,0.15,0.65
ARUNACHAL PRADESH - Lohit,0.57,912,0.17,0.65
ARUNACHAL PRADESH - Anjaw,0.47,839,0.14,0.66
NAGALAND - Mon,0.48,899,0.18,0.67
NAGALAND - Mokokchung,0.82,925,0.22,0.57
NAGALAND - Zunheboto,0.73,976,0.22,0.65
NAGALAND - Wokha,0.77,968,0.22,0.64
NAGALAND - Dimapur,0.73,919,0.16,0.64
NAGALAND - Phek,0.65,951,0.2,0.66
NAGALAND - Tuensang,0.6,929,0.21,0.68
NAGALAND - Longleng,0.59,905,0.24,0.67
NAGALAND - Kiphire,0.56,956,0.21,0.71
NAGALAND - Kohima,0.74,928,0.17,0.65
NAGALAND - Peren,0.65,915,0.26,0.68
MANIPUR - Senapati,0.55,937,0.17,0.66
MANIPUR - Tamenglong,0.6,943,0.2,0.64
MANIPUR - Churachandpur,0.71,975,0.25,0.62
MANIPUR - Bishnupur,0.66,999,0.15,0.57
MANIPUR - Thoubal,0.64,1002,0.17,0.6
MANIPUR - Imphal West,0.76,1031,0.13,0.54
MANIPUR - Imphal East,0.71,1017,0.15,0.57
MANIPUR - Ukhrul,0.71,943,0.16,0.62
MANIPUR - Chandel,0.63,933,0.2,0.6
MIZORAM - Mamit,0.7,927,0.23,0.65
MIZORAM - Kolasib,0.78,956,0.21,0.62
MIZORAM - Aizawl,0.85,1009,0.17,0.59
MIZORAM - Champhai,0.8,984,0.25,0.63
MIZORAM - Serchhip,0.84,977,0.23,0.61
MIZORAM - Lunglei,0.75,947,0.21,0.62
MIZORAM - Lawngtlai,0.53,945,0.18,0.68
MIZORAM - Saiha,0.75,979,0.25,0.66
TRIPURA - West Tripura,0.79,962,0.24,0.54
TRIPURA - South Tripura,0.74,957,0.25,0.58
TRIPURA - Dhalai,0.73,944,0.22,0.61
TRIPURA - North Tripura,0.75,967,0.26,0.6
MEGHALAYA - West Garo Hills,0.56,984,0.2,0.66
MEGHALAYA - East Garo Hills,0.6,972,0.22,0.68
MEGHALAYA - South Garo Hills,0.58,945,0.2,0.68
MEGHALAYA - West Khasi Hills,0.6,980,0.2,0.73
MEGHALAYA - Ribhoi,0.6,953,0.23,0.71
MEGHALAYA - East Khasi Hills,0.7,1011,0.2,0.66
MEGHALAYA - Jaintia Hills,0.47,1013,0.16,0.74
ASSAM - Kokrajhar,0.55,959,0.19,0.62
ASSAM - Dhubri,0.47,953,0.15,0.66
ASSAM - Goalpara,0.56,964,0.21,0.65
ASSAM - Barpeta,0.53,953,0.18,0.63
ASSAM - Morigaon,0.56,967,0.2,0.64
ASSAM - Nagaon,0.61,962,0.23,0.63
ASSAM - Sonitpur,0.58,956,0.22,0.6
ASSAM - Lakhimpur,0.66,968,0.2,0.61
ASSAM - Dhemaji,0.62,953,0.2,0.63
ASSAM - Tinsukia,0.6,952,0.2,0.6
ASSAM - Dibrugarh,0.67,961,0.18,0.58
ASSAM - Sivasagar,0.71,954,0.18,0.56
ASSAM - Jorhat,0.73,962,0.18,0.55
ASSAM - Golaghat,0.68,964,0.21,0.59
ASSAM - Karbi Anglong,0.58,951,0.22,0.65
ASSAM - Dima Hasao,0.66,932,0.2,0.63
ASSAM - Cachar,0.68,959,0.26,0.6
ASSAM - Karimganj,0.65,963,0.27,0.63
ASSAM - Hailakandi,0.62,951,0.27,0.64
ASSAM - Bongaigaon,0.59,966,0.19,0.62
ASSAM - Chirang,0.54,969,0.19,0.63
ASSAM - Kamrup,0.66,949,0.19,0.59
ASSAM - Kamrup Metropolitan,0.8,936,0.13,0.53
ASSAM - Nalbari,0.69,949,0.18,0.57
ASSAM - Baksa,0.6,974,0.21,0.59
ASSAM - Darrang,0.52,954,0.18,0.63
ASSAM - Udalguri,0.57,973,0.19,0.6
WEST BENGAL - Darjiling,0.71,970,0.19,0.56
WEST BENGAL - Jalpaiguri,0.65,953,0.2,0.58
WEST BENGAL - Koch Bihar,0.66,942,0.21,0.58
WEST BENGAL - Uttar Dinajpur,0.5,939,0.16,0.64
WEST BENGAL - Dakshin Dinajpur,0.65,956,0.19,0.56
WEST BENGAL - Maldah,0.52,944,0.16,0.63
WEST BENGAL - Murshidabad,0.57,958,0.2,0.62
WEST BENGAL - Birbhum,0.62,956,0.19,0.57
WEST BENGAL - Barddhaman,0.68,945,0.19,0.54
WEST BENGAL - Nadia,0.67,947,0.21,0.53
WEST BENGAL - North Twenty Four Parganas,0.76,955,0.19,0.51
WEST BENGAL - Hugli,0.74,961,0.21,0.5
WEST BENGAL - Bankura,0.62,957,0.15,0.54
WEST BENGAL - Puruliya,0.55,957,0.16,0.57
WEST BENGAL - Haora,0.74,939,0.22,0.53
WEST BENGAL - Kolkata,0.8,908,0.13,0.45
WEST BENGAL - South Twenty Four Parganas,0.68,956,0.22,0.58
WEST BENGAL - Paschim Medinipur,0.69,966,0.19,0.55
WEST BENGAL - Purba Medinipur,0.77,938,0.24,0.56
JHARKHAND - Garhwa,0.49,935,0.15,0.65
JHARKHAND - Chatra,0.49,953,0.16,0.66
JHARKHAND - Kodarma,0.54,950,0.18,0.65
JHARKHAND - Giridih,0.51,944,0.18,0.65
JHARKHAND - Deoghar,0.53,925,0.18,0.63
JHARKHAND - Godda,0.46,938,0.15,0.62
JHARKHAND - Sahibganj,0.42,952,0.15,0.65
JHARKHAND - Pakur,0.39,989,0.15,0.65
JHARKHAND - Dhanbad,0.64,909,0.19,0.61
JHARKHAND - Bokaro,0.62,922,0.16,0.61
JHARKHAND - Lohardaga,0.56,985,0.18,0.65
JHARKHAND - Purbi Singhbhum,0.66,949,0.15,0.56
JHARKHAND - Palamu,0.53,928,0.15,0.64
JHARKHAND - Latehar,0.48,967,0.17,0.67
JHARKHAND - Hazaribagh,0.58,947,0.19,0.64
JHARKHAND - Ramgarh,0.63,921,0.15,0.63
JHARKHAND - Dumka,0.51,977,0.17,0.6
JHARKHAND - Jamtara,0.54,954,0.17,0.61
JHARKHAND - Ranchi,0.66,949,0.19,0.6
JHARKHAND - Khunti,0.54,997,0.17,0.62
JHARKHAND - Gumla,0.55,993,0.24,0.63
JHARKHAND - Simdega,0.57,997,0.22,0.6
JHARKHAND - Pashchimi Singhbhum,0.48,1005,0.31,0.64
JHARKHAND - Saraikela-Kharsawan,0.58,956,0.24,0.6
ORISSA - Bargarh,0.66,977,0.21,0.53
ORISSA - Jharsuguda,0.7,953,0.18,0.55
ORISSA - Sambalpur,0.68,976,0.18,0.54
ORISSA - Debagarh,0.63,975,0.19,0.56
ORISSA - Sundargarh,0.64,973,0.17,0.57
ORISSA - Kendujhar,0.58,988,0.16,0.58
ORISSA - Mayurbhanj,0.54,1006,0.15,0.58
ORISSA - Baleshwar,0.7,957,0.2,0.56
ORISSA - Bhadrak,0.73,981,0.26,0.56
ORISSA - Kendrapara,0.76,1007,0.25,0.54
ORISSA - Jagatsinghapur,0.78,968,0.22,0.51
ORISSA - Cuttack,0.77,940,0.21,0.52
ORISSA - Jajapur,0.71,973,0.24,0.55
ORISSA - Dhenkanal,0.7,947,0.2,0.54
ORISSA - Anugul,0.68,943,0.21,0.56
ORISSA - Nayagarh,0.71,915,0.24,0.52
ORISSA - Khordha,0.78,929,0.2,0.53
ORISSA - Puri,0.76,963,0.24,0.52
ORISSA - Ganjam,0.63,983,0.22,0.56
ORISSA - Gajapati,0.45,1043,0.13,0.6
ORISSA - Kandhamal,0.55,1037,0.2,0.6
ORISSA - Baudh,0.62,991,0.22,0.57
ORISSA - Subarnapur,0.65,960,0.23,0.56
ORISSA - Balangir,0.56,987,0.18,0.55
ORISSA - Nuapada,0.49,1021,0.19,0.56
ORISSA - Kalahandi,0.51,1003,0.14,0.56
ORISSA - Rayagada,0.42,1051,0.1,0.6
ORISSA - Nabarangapur,0.39,1019,0.13,0.61
ORISSA - Koraput,0.41,1032,0.11,0.59
ORISSA - Malkangiri,0.4,1020,0.11,0.62
CHHATTISGARH - Koriya,0.6,968,0.17,0.61
CHHATTISGARH - Surguja,0.5,978,0.14,0.61
CHHATTISGARH - Jashpur,0.58,1005,0.16,0.57
CHHATTISGARH - Raigarh,0.64,991,0.17,0.56
CHHATTISGARH - Korba,0.62,969,0.16,0.6
CHHATTISGARH - Janjgir - Champa,0.63,986,0.15,0.6
CHHATTISGARH - Bilaspur,0.6,971,0.15,0.61
CHHATTISGARH - Kabeerdham,0.5,996,0.15,0.63
CHHATTISGARH - Rajnandgaon,0.66,1015,0.19,0.58
CHHATTISGARH - Durg,0.69,988,0.17,0.57
CHHATTISGARH - Raipur,0.65,984,0.16,0.6
CHHATTISGARH - Mahasamund,0.62,1017,0.19,0.56
CHHATTISGARH - Dhamtari,0.68,1010,0.19,0.58
CHHATTISGARH - Uttar Bastar Kanker,0.61,1006,0.17,0.58
CHHATTISGARH - Bastar,0.46,1023,0.13,0.61
CHHATTISGARH - Narayanpur,0.4,994,0.11,0.65
CHHATTISGARH - Dakshin Bastar Dantewada,0.36,1020,0.07,0.63
CHHATTISGARH - Bijapur,0.34,984,0.09,0.66
MADHYA PRADESH - Sheopur,0.48,901,0.1,0.65
MADHYA PRADESH - Morena,0.6,840,0.15,0.64
MADHYA PRADESH - Bhind,0.64,837,0.15,0.61
MADHYA PRADESH - Gwalior,0.67,864,0.12,0.6
MADHYA PRADESH - Datia,0.62,873,0.17,0.6
MADHYA PRADESH - Shivpuri,0.52,877,0.12,0.64
MADHYA PRADESH - Tikamgarh,0.52,901,0.13,0.62
MADHYA PRADESH - Chhatarpur,0.54,883,0.13,0.63
MADHYA PRADESH - Panna,0.54,905,0.13,0.63
MADHYA PRADESH - Sagar,0.65,893,0.18,0.62
MADHYA PRADESH - Damoh,0.59,910,0.17,0.61
MADHYA PRADESH - Satna,0.62,926,0.15,0.61
MADHYA PRADESH - Rewa,0.61,931,0.14,0.62
MADHYA PRADESH - Umaria,0.55,950,0.15,0.63
MADHYA PRADESH - Neemuch,0.62,954,0.15,0.58
MADHYA PRADESH - Mandsaur,0.62,963,0.16,0.58
MADHYA PRADESH - Ratlam,0.57,971,0.13,0.6
MADHYA PRADESH - Ujjain,0.62,955,0.14,0.58
MADHYA PRADESH - Shajapur,0.59,938,0.16,0.6
MADHYA PRADESH - Dewas,0.59,942,0.14,0.6
MADHYA PRADESH - Dhar,0.49,964,0.11,0.63
MADHYA PRADESH - Indore,0.7,928,0.14,0.57
MADHYA PRADESH - Khargone (West Nimar),0.53,965,0.14,0.62
MADHYA PRADESH - Barwani,0.4,982,0.1,0.67
MADHYA PRADESH - Rajgarh,0.52,956,0.11,0.61
MADHYA PRADESH - Vidisha,0.59,896,0.15,0.63
MADHYA PRADESH - Bhopal,0.7,918,0.13,0.59
MADHYA PRADESH - Sehore,0.6,918,0.14,0.62
MADHYA PRADESH - Raisen,0.62,901,0.16,0.63
MADHYA PRADESH - Betul,0.6,971,0.15,0.6
MADHYA PRADESH - Harda,0.62,935,0.15,0.61
MADHYA PRADESH - Hoshangabad,0.65,914,0.15,0.59
MADHYA PRADESH - Katni,0.61,952,0.16,0.6
MADHYA PRADESH - Jabalpur,0.71,929,0.14,0.56
MADHYA PRADESH - Narsimhapur,0.66,920,0.16,0.57
MADHYA PRADESH - Dindori,0.54,1002,0.16,0.6
MADHYA PRADESH - Mandla,0.57,1008,0.16,0.58
MADHYA PRADESH - Chhindwara,0.62,964,0.16,0.59
MADHYA PRADESH - Seoni,0.63,982,0.17,0.59
MADHYA PRADESH - Balaghat,0.67,1021,0.18,0.57
MADHYA PRADESH - Guna,0.53,912,0.13,0.64
MADHYA PRADESH - Ashoknagar,0.56,904,0.14,0.63
MADHYA PRADESH - Shahdol,0.57,974,0.14,0.61
MADHYA PRADESH - Anuppur,0.58,976,0.15,0.59
MADHYA PRADESH - Sidhi,0.53,957,0.15,0.64
MADHYA PRADESH - Singrauli,0.5,920,0.13,0.65
MADHYA PRADESH - Jhabua,0.34,990,0.08,0.67
MADHYA PRADESH - Alirajpur,0.29,1011,0.06,0.67
MADHYA PRADESH - Khandwa (East Nimar),0.56,943,0.15,0.62
MADHYA PRADESH - Burhanpur,0.54,951,0.16,0.62
GUJARAT - Kachchh,0.6,908,0.22,0.61
GUJARAT - Banas Kantha,0.55,938,0.28,0.64
GUJARAT - Patan,0.62,935,0.27,0.59
GUJARAT - Mahesana,0.74,926,0.23,0.55
GUJARAT - Sabar Kantha,0.65,952,0.25,0.57
GUJARAT - Gandhinagar,0.74,923,0.26,0.55
GUJARAT - Ahmadabad,0.75,904,0.22,0.55
GUJARAT - Surendranagar,0.62,930,0.27,0.59
GUJARAT - Rajkot,0.72,927,0.24,0.55
GUJARAT - Jamnagar,0.65,939,0.23,0.57
GUJARAT - Porbandar,0.67,950,0.26,0.54
GUJARAT - Junagadh,0.67,953,0.26,0.56
GUJARAT - Amreli,0.66,964,0.27,0.55
GUJARAT - Bhavnagar,0.66,933,0.32,0.59
GUJARAT - Anand,0.74,925,0.27,0.54
GUJARAT - Kheda,0.72,940,0.28,0.55
GUJARAT - Panch Mahals,0.6,949,0.25,0.59
GUJARAT - Dohad,0.47,990,0.18,0.66
GUJARAT - Vadodara,0.69,934,0.21,0.53
GUJARAT - Narmada,0.63,961,0.25,0.57
GUJARAT - Bharuch,0.72,925,0.24,0.54
GUJARAT - The Dangs,0.62,1006,0.26,0.64
GUJARAT - Navsari,0.75,961,0.2,0.51
GUJARAT - Valsad,0.69,922,0.18,0.55
GUJARAT - Surat,0.75,787,0.22,0.59
GUJARAT - Tapi,0.61,1007,0.22,0.52
DAMAN AND DIU - Diu,0.73,1031,0.15,0.59
DAMAN AND DIU - Daman,0.79,534,0.15,0.64
DADRA AND NAGAR HAVELI - Dadra AND Nagar Haveli,0.65,774,0.2,0.65
MAHARASHTRA - Nandurbar,0.55,978,0.13,0.61
MAHARASHTRA - Dhule,0.63,946,0.16,0.57
MAHARASHTRA - Jalgaon,0.68,925,0.17,0.56
MAHARASHTRA - Buldana,0.73,934,0.18,0.57
MAHARASHTRA - Akola,0.78,946,0.18,0.55
MAHARASHTRA - Washim,0.73,930,0.2,0.57
MAHARASHTRA - Amravati,0.78,951,0.16,0.53
MAHARASHTRA - Wardha,0.78,946,0.14,0.51
MAHARASHTRA - Nagpur,0.79,951,0.14,0.53
MAHARASHTRA - Bhandara,0.75,982,0.16,0.52
MAHARASHTRA - Gondiya,0.76,999,0.18,0.53
MAHARASHTRA - Gadchiroli,0.66,982,0.14,0.56
MAHARASHTRA - Chandrapur,0.72,961,0.14,0.53
MAHARASHTRA - Yavatmal,0.73,952,0.2,0.56
MAHARASHTRA - Nanded,0.65,943,0.21,0.6
MAHARASHTRA - Hingoli,0.67,942,0.23,0.59
MAHARASHTRA - Parbhani,0.63,947,0.22,0.59
MAHARASHTRA - Jalna,0.61,937,0.22,0.59
MAHARASHTRA - Aurangabad,0.68,923,0.19,0.6
MAHARASHTRA - Nashik,0.71,934,0.17,0.59
MAHARASHTRA - Thane,0.74,886,0.14,0.56
MAHARASHTRA - Mumbai Suburban,0.81,860,0.12,0.53
MAHARASHTRA - Mumbai,0.81,832,0.13,0.5
MAHARASHTRA - Raigarh,0.74,959,0.15,0.54
MAHARASHTRA - Pune,0.76,915,0.13,0.55
MAHARASHTRA - Ahmadnagar,0.69,939,0.18,0.55
MAHARASHTRA - Bid,0.66,916,0.17,0.57
MAHARASHTRA - Latur,0.67,928,0.17,0.57
MAHARASHTRA - Osmanabad,0.69,924,0.18,0.55
MAHARASHTRA - Solapur,0.67,938,0.18,0.56
MAHARASHTRA - Satara,0.74,988,0.17,0.51
MAHARASHTRA - Ratnagiri,0.74,1122,0.23,0.48
MAHARASHTRA - Sindhudurg,0.78,1036,0.19,0.45
MAHARASHTRA - Kolhapur,0.73,957,0.16,0.51
MAHARASHTRA - Sangli,0.73,966,0.18,0.51
ANDHRA PRADESH - Adilabad,0.54,1001,0.13,0.56
ANDHRA PRADESH - Nizamabad,0.54,1040,0.17,0.55
ANDHRA PRADESH - Karimnagar,0.58,1008,0.12,0.51
ANDHRA PRADESH - Medak,0.54,992,0.17,0.57
ANDHRA PRADESH - Hyderabad,0.73,954,0.15,0.57
ANDHRA PRADESH - Rangareddy,0.67,961,0.14,0.56
ANDHRA PRADESH - Mahbubnagar,0.48,977,0.15,0.58
ANDHRA PRADESH - Nalgonda,0.57,983,0.15,0.55
ANDHRA PRADESH - Warangal,0.59,997,0.13,0.54
ANDHRA PRADESH - Khammam,0.58,1011,0.12,0.55
ANDHRA PRADESH - Srikakulam,0.55,1015,0.13,0.53
ANDHRA PRADESH - Vizianagaram,0.53,1019,0.13,0.51
ANDHRA PRADESH - Visakhapatnam,0.6,1006,0.13,0.53
ANDHRA PRADESH - East Godavari,0.64,1006,0.18,0.53
ANDHRA PRADESH - West Godavari,0.67,1004,0.18,0.52
ANDHRA PRADESH - Krishna,0.67,992,0.15,0.52
ANDHRA PRADESH - Guntur,0.61,1003,0.17,0.53
ANDHRA PRADESH - Prakasam,0.56,981,0.15,0.54
ANDHRA PRADESH - Sri Potti Sriramulu Nellore,0.62,985,0.15,0.53
ANDHRA PRADESH - Y.S.R.,0.6,985,0.18,0.54
ANDHRA PRADESH - Kurnool,0.52,988,0.17,0.58
ANDHRA PRADESH - Anantapur,0.57,977,0.18,0.54
ANDHRA PRADESH - Chittoor,0.64,997,0.18,0.51
KARNATAKA - Belgaum,0.64,973,0.22,0.56
KARNATAKA - Bagalkot,0.59,989,0.2,0.59
KARNATAKA - Bijapur,0.57,960,0.2,0.59
KARNATAKA - Bidar,0.61,956,0.28,0.6
KARNATAKA - Raichur,0.51,1000,0.2,0.62
KARNATAKA - Koppal,0.58,986,0.26,0.62
KARNATAKA - Gadag,0.66,982,0.23,0.57
KARNATAKA - Dharwad,0.7,971,0.21,0.55
KARNATAKA - Uttara Kannada,0.75,979,0.24,0.52
KARNATAKA - Haveri,0.68,950,0.27,0.57
KARNATAKA - Bellary,0.58,983,0.22,0.61
KARNATAKA - Chitradurga,0.66,974,0.2,0.54
KARNATAKA - Davanagere,0.67,972,0.23,0.55
KARNATAKA - Shimoga,0.72,998,0.22,0.52
KARNATAKA - Udupi,0.79,1094,0.24,0.48
KARNATAKA - Chikmagalur,0.72,1008,0.23,0.5
KARNATAKA - Tumkur,0.68,984,0.19,0.5
KARNATAKA - Bangalore,0.78,916,0.16,0.55
KARNATAKA - Mandya,0.64,995,0.17,0.5
KARNATAKA - Hassan,0.69,1010,0.2,0.49
KARNATAKA - Dakshina Kannada,0.8,1020,0.25,0.51
KARNATAKA - Kodagu,0.74,1019,0.2,0.5
KARNATAKA - Mysore,0.65,985,0.18,0.53
KARNATAKA - Chamarajanagar,0.55,993,0.2,0.51
KARNATAKA - Gulbarga,0.56,971,0.23,0.61
KARNATAKA - Yadgir,0.43,989,0.17,0.63
KARNATAKA - Kolar,0.66,979,0.19,0.55
KARNATAKA - Chikkaballapura,0.62,972,0.18,0.53
KARNATAKA - Bangalore Rural,0.7,946,0.17,0.54
KARNATAKA - Ramanagara,0.62,976,0.17,0.52
GOA - North Goa,0.81,963,0.12,0.47
GOA - South Goa,0.78,986,0.11,0.49
LAKSHADWEEP - Lakshadweep,0.82,946,0.21,0.53
KERALA - Kasaragod,0.79,1080,0.21,0.53
KERALA - Kannur,0.85,1136,0.19,0.47
KERALA - Wayanad,0.79,1035,0.18,0.51
KERALA - Kozhikode,0.85,1098,0.18,0.48
KERALA - Malappuram,0.81,1098,0.19,0.58
KERALA - Palakkad,0.8,1067,0.18,0.5
KERALA - Thrissur,0.86,1108,0.14,0.45
KERALA - Ernakulam,0.87,1027,0.14,0.43
KERALA - Idukki,0.83,1006,0.15,0.45
KERALA - Kottayam,0.89,1039,0.14,0.41
KERALA - Alappuzha,0.87,1100,0.16,0.42
KERALA - Pathanamthitta,0.89,1132,0.12,0.4
KERALA - Kollam,0.85,1113,0.15,0.45
KERALA - Thiruvananthapuram,0.84,1087,0.14,0.45
TAMIL NADU - Thiruvallur,0.75,987,0.12,0.52
TAMIL NADU - Chennai,0.81,989,0.11,0.49
TAMIL NADU - Kancheepuram,0.75,986,0.13,0.52
TAMIL NADU - Vellore,0.7,1007,0.18,0.53
TAMIL NADU - Tiruvannamalai,0.66,994,0.18,0.53
TAMIL NADU - Viluppuram,0.63,987,0.19,0.54
TAMIL NADU - Salem,0.66,954,0.16,0.5
TAMIL NADU - Namakkal,0.68,986,0.17,0.47
TAMIL NADU - Erode,0.66,993,0.15,0.45
TAMIL NADU - The Nilgiris,0.77,1042,0.17,0.48
TAMIL NADU - Dindigul,0.69,998,0.18,0.49
TAMIL NADU - Karur,0.68,1015,0.18,0.47
TAMIL NADU - Tiruchirappalli,0.75,1013,0.16,0.49
TAMIL NADU - Perambalur,0.66,1003,0.19,0.52
TAMIL NADU - Ariyalur,0.64,1015,0.18,0.5
TAMIL NADU - Cuddalore,0.7,987,0.16,0.52
TAMIL NADU - Nagapattinam,0.75,1025,0.2,0.51
TAMIL NADU - Thiruvarur,0.75,1017,0.2,0.5
TAMIL NADU - Thanjavur,0.74,1035,0.18,0.5
TAMIL NADU - Pudukkottai,0.69,1015,0.18,0.52
TAMIL NADU - Sivaganga,0.72,1003,0.16,0.5
TAMIL NADU - Madurai,0.75,990,0.17,0.5
TAMIL NADU - Theni,0.7,991,0.18,0.5
TAMIL NADU - Virudhunagar,0.72,1007,0.21,0.51
TAMIL NADU - Ramanathapuram,0.72,983,0.22,0.52
TAMIL NADU - Thoothukkudi,0.77,1023,0.21,0.51
TAMIL NADU - Tirunelveli,0.74,1023,0.2,0.51
TAMIL NADU - Kanniyakumari,0.83,1019,0.18,0.47
TAMIL NADU - Dharmapuri,0.61,946,0.16,0.53
TAMIL NADU - Krishnagiri,0.63,958,0.15,0.55
TAMIL NADU - Coimbatore,0.76,1000,0.13,0.46
TAMIL NADU - Tiruppur,0.71,989,0.18,0.48
PONDICHERRY - Yanam,0.71,1038,0.2,0.57
PONDICHERRY - PONDICHERRY,0.76,1029,0.13,0.5
PONDICHERRY - Mahe,0.87,1184,0.14,0.47
PONDICHERRY - Karaikal,0.77,1047,0.16,0.51
ANDAMAN AND NICOBAR ISLANDS - Nicobars,0.69,777,0.16,0.51
ANDAMAN AND NICOBAR ISLANDS - North  AND Middle Andaman,0.75,925,0.2,0.54
ANDAMAN AND NICOBAR ISLANDS - South Andaman,0.8,871,0.14,0.54
